{"loss": 0.14881619811058044, "acc": 0.937125027179718}